{
  "train_accuracy": 96.4,
  "cv_accuracy": 96.0,
  "cv_std": 2.4,
  "confusion_matrix": [
    [
      157,
      5
    ],
    [
      13,
      325
    ]
  ],
  "classification_report": {
    "FAIL": {
      "precision": 0.9235294117647059,
      "recall": 0.9691358024691358,
      "f1-score": 0.9457831325301205,
      "support": 162.0
    },
    "SUCCESS": {
      "precision": 0.9848484848484849,
      "recall": 0.9615384615384616,
      "f1-score": 0.9730538922155688,
      "support": 338.0
    },
    "accuracy": 0.964
  },
  "feature_importance": {
    "confidence": 0.7273,
    "rsi": 0.1163,
    "direction": 0.0836,
    "ch_signals": 0.023,
    "macd": 0.0177,
    "ch_accuracy": 0.0159,
    "price_dev": 0.0098,
    "risk_reward": 0.0065
  },
  "real_signals": 48,
  "total_samples": 500,
  "random_seed": 42
}