{
  "version": 4,
  "timestamp": "2026-02-28T22:25:04.952231Z",
  "train_accuracy": 96.2,
  "cv_accuracy": 95.4,
  "cv_std": 1.6,
  "confusion_matrix": [
    [
      227,
      7
    ],
    [
      12,
      254
    ]
  ],
  "classification_report": {
    "FAIL": {
      "precision": 0.9497907949790795,
      "recall": 0.9700854700854701,
      "f1-score": 0.959830866807611,
      "support": 234.0
    },
    "SUCCESS": {
      "precision": 0.9731800766283525,
      "recall": 0.9548872180451128,
      "f1-score": 0.9639468690702088,
      "support": 266.0
    },
    "accuracy": 0.962
  },
  "feature_importance": {
    "confidence": 0.8507,
    "direction": 0.0367,
    "ch_signals": 0.029,
    "risk_reward": 0.0268,
    "price_dev": 0.0191,
    "ch_accuracy": 0.0187,
    "rsi": 0.0128,
    "macd": 0.006
  },
  "real_signals": 50,
  "closed_signals": 23,
  "total_samples": 500,
  "random_seed": 42,
  "model_file": "signal_model_v4_20260228_222504.pkl"
}