{
  "version": 5,
  "timestamp": "2026-02-28T22:28:36.742472Z",
  "train_accuracy": 94.2,
  "cv_accuracy": 93.0,
  "cv_std": 1.1,
  "confusion_matrix": [
    [
      242,
      9
    ],
    [
      20,
      229
    ]
  ],
  "classification_report": {
    "FAIL": {
      "precision": 0.9236641221374046,
      "recall": 0.9641434262948207,
      "f1-score": 0.9434697855750487,
      "support": 251.0
    },
    "SUCCESS": {
      "precision": 0.9621848739495799,
      "recall": 0.9196787148594378,
      "f1-score": 0.9404517453798767,
      "support": 249.0
    },
    "accuracy": 0.942
  },
  "feature_importance": {
    "confidence": 0.8079,
    "direction": 0.0472,
    "ch_accuracy": 0.0331,
    "price_dev": 0.0279,
    "rsi": 0.0264,
    "ch_signals": 0.0203,
    "macd": 0.0193,
    "risk_reward": 0.0179
  },
  "real_signals": 50,
  "closed_signals": 23,
  "total_samples": 500,
  "random_seed": 42,
  "model_file": "signal_model_v5_20260228_222836.pkl"
}