{
  "total_messages": 10,
  "total_signals": 10,
  "efficiency": 100.0,
  "messages": [
    "🚀 BTC/USDT LONG 45000 TP: 47000 SL: 44000",
    "ETHUSDT short 3200 target 3000 stop 3300",
    "Bitcoin Long Entry: $45,000 Target: $47,000 Stop: $44,000",
    "Вход BTC лонг 45000 цель 47000 стоп 44000",
    "SOL/USDT LONG 95.5 TP: 100 SL: 92",
    "🚀 PEPE/USDT 0.0000085 TP: 0.0000095 SL: 0.0000080",
    "SHIB/USDT SHORT 0.000025 TP: 0.000023 SL: 0.000027",
    "BNB/USDT LONG 580 TP: 600 SL: 570",
    "ADA/USDT SHORT 0.45 TP: 0.42 SL: 0.48",
    "MATIC/USDT LONG 0.85 TP: 0.90 SL: 0.82"
  ]
}